<?xml version="1.0" encoding="UTF-8"?>
<project-private xmlns="http://www.netbeans.org/ns/project-private/1">
    <editor-bookmarks xmlns="http://www.netbeans.org/ns/editor-bookmarks/2" lastBookmarkId="0"/>
    <open-files xmlns="http://www.netbeans.org/ns/projectui-open-files/2">
        <group>
            <file>file:/C:/Users/loyiso.tose/OneDrive%20-%20Cape%20IT%20Initiative/Documents/NetBeansProjects/Tax_Calculator/src/tax_calculator/NewJFrame.java</file>
            <file>file:/C:/Users/loyiso.tose/OneDrive%20-%20Cape%20IT%20Initiative/Documents/NetBeansProjects/Tax_Calculator/src/tax_calculator/Tax_Calculator.java</file>
            <file>file:/C:/Users/loyiso.tose/OneDrive%20-%20Cape%20IT%20Initiative/Documents/NetBeansProjects/Tax_Calculator/src/tax_calculator/Payroll.java</file>
        </group>
    </open-files>
</project-private>
